n,h
//Windows,CU4IJ54WEWQLXXO3JVSIEUPGG3HB47LM
//story,T44IXZWKH3ANETN5BAC7O45Z25DSJBGJ
//campaign,FTHY6B7R4DMJ7IMHPOXXOOT76HQI5ZXW
//transferevent,YZJRVFTR3DAXPSV4RBBNA4QWALT7DQUZ
//gacha,DTGAYLEZ4IXOL75EEIOTUN4XQFX2VOGT
//storyevent,BYSTMGCXK5V3PRAVPNECMC4WXJYLKY65
//minigame,O6MFWYOFGNXORQWWXPBLYVVCDWV4DX55
//lipsync,4FF72LZTJPOHSUTHOHRA7TJCHSYYGESY
//collectevent,4I7AZS3L5ZPIJ727V5NWEVPVEZOUO5U2
//imageeffect,QQFG25SD6ECNCIGHFDEZZW5CDXFJDKUN
//live,DW743HDONKPFB6UMDLXBMJPFLZTZPYWH
//paddock,MISGNFKODH6XRJCWYCNSNG6QI4Q6Z4RN
//guide,RNPEP47WDP3ZG6YHKWE2AYCXUSTUX57P
//teambuilding,LW4E37AGJXV2YQEZNMI4EQX24SC3Y6Z6
//atlas,YIWOP7DD56UURP4HHZFOE5FCFRS7SJ3O
//home,OYRGMO7LUK5LCU4D6LEKL7JYA33MIFYK
//item,UTPZC2FW55AU7QL3K5R2YTN6MCXPYKLP
//loginbonus,XRX242MSWYW76ZGTHJCZ5AGOT6XIDXFW
//_3d_cutt,QYR6I5H4I4PES54UVOABIXGXSHWC2JI7
//bg,XZ7GMD7U47RUZWZICWU45OZY5GQW2VW6
//race,AMUR6JCQTMRZ6GUH4BVUCO3DHMWW64PA
//mob,YMPA4DLLOPKC3QFIHCK6PDB5PSMDU2G2
//outgame,LNNVGXU3WOSUL55QH6C7HITLH3TSI6TW
//challengematch,2MARRFWTKE3VIQM6B43X72WVX2FMQAIY
//chara,M7RXLP2ATR546G5AO4EDY7PDLZ7FTC2H
//supportcard,SGGTO246WH4IQCDAIFNH2GV4V7SRMYMM
//gachaselect,FXJEN2ID42CYAPRZXHGUAMMNO4EH5IH5
//single,Y5AKEZMOOYINDKMKDVYMYNEEKG4M75JF
//announce,XS6IDSIYDZ2FDRLM6AZ4S5LP3TQW4CTS
//uianimation,SJW2ODDZFOVUHD4TFBGDVPHXZNPBLDBZ
//shader,3N3X3IQCYWYM5MQAUI2HDQY4SFE4JOIV
//font,S25H6IJF7MVH7V6BXUDKP5P4EVIVUKIB
//master,NSHHUHOF7YO33EVWDZPO6MQKGGA3SNEV
//sound,EFZPFXPMDA4XZR37NUZ3JUJNUJND33NO
//movie,Y5TLIZJVV5NZ2IFNIRIZIAX5VJQW4AZQ
//root,QXJCBZNWD5NH3AQ3VMV5BN4N2FNTWCSH
